sku,imagem_1,imagem_2,imagem_3
KIT-UAN-EXP-001,02_imagens_por_sku/KIT-UAN-EXP-001/imagem_01.png,02_imagens_por_sku/KIT-UAN-EXP-001/imagem_02.png,02_imagens_por_sku/KIT-UAN-EXP-001/imagem_03.png
FIC-NUTRI-PACK-002,02_imagens_por_sku/FIC-NUTRI-PACK-002/imagem_01.png,02_imagens_por_sku/FIC-NUTRI-PACK-002/imagem_02.png,02_imagens_por_sku/FIC-NUTRI-PACK-002/imagem_03.png
PAT-CARD-PLAN-003,02_imagens_por_sku/PAT-CARD-PLAN-003/imagem_01.png,02_imagens_por_sku/PAT-CARD-PLAN-003/imagem_02.png,02_imagens_por_sku/PAT-CARD-PLAN-003/imagem_03.png
REL-OBRA-HID-004,02_imagens_por_sku/REL-OBRA-HID-004/imagem_01.png,02_imagens_por_sku/REL-OBRA-HID-004/imagem_02.png,02_imagens_por_sku/REL-OBRA-HID-004/imagem_03.png
SUP-EST-PREC-005,02_imagens_por_sku/SUP-EST-PREC-005/imagem_01.png,02_imagens_por_sku/SUP-EST-PREC-005/imagem_02.png,02_imagens_por_sku/SUP-EST-PREC-005/imagem_03.png
AQUA-PROJ-006,02_imagens_por_sku/AQUA-PROJ-006/imagem_01.png,02_imagens_por_sku/AQUA-PROJ-006/imagem_02.png,02_imagens_por_sku/AQUA-PROJ-006/imagem_03.png
REVIT-TEXT-MINI-007,02_imagens_por_sku/REVIT-TEXT-MINI-007/imagem_01.png,02_imagens_por_sku/REVIT-TEXT-MINI-007/imagem_02.png,02_imagens_por_sku/REVIT-TEXT-MINI-007/imagem_03.png
NUTRI-MENT-ATL-008,02_imagens_por_sku/NUTRI-MENT-ATL-008/imagem_01.png,02_imagens_por_sku/NUTRI-MENT-ATL-008/imagem_02.png,02_imagens_por_sku/NUTRI-MENT-ATL-008/imagem_03.png

